Customer Zipcode,Customer City,Customer Country,Customer State
725,Caguas,Puerto Rico,PR
95125,San Jose,EE. UU.,CA
90027,Los Angeles,EE. UU.,CA
14150,Tonawanda,EE. UU.,NY
33162,Miami,EE. UU.,FL
94583,San Ramon,EE. UU.,CA
11520,Freeport,EE. UU.,NY
93905,Salinas,EE. UU.,CA
1960,Peabody,EE. UU.,MA
729,Canovanas,Puerto Rico,PR
90723,Paramount,EE. UU.,CA
60056,Mount Prospect,EE. UU.,IL
90813,Long Beach,EE. UU.,CA
95670,Rancho Cordova,EE. UU.,CA
59102,Billings,EE. UU.,MT
18702,Wilkes Barre,EE. UU.,PA
48066,Roseville,EE. UU.,MI
90706,Bellflower,EE. UU.,CA
60187,Wheaton,EE. UU.,IL
48238,Detroit,EE. UU.,MI
75220,Dallas,EE. UU.,TX
17013,Carlisle,EE. UU.,PA
75228,Dallas,EE. UU.,TX
19702,Newark,EE. UU.,DE
91402,Panorama City,EE. UU.,CA
30318,Atlanta,EE. UU.,GA
94539,Fremont,EE. UU.,CA
14609,Rochester,EE. UU.,NY
75211,Dallas,EE. UU.,TX
957,Bayamon,Puerto Rico,PR
784,Guayama,Puerto Rico,PR
795,Juana Diaz,Puerto Rico,PR
20744,Fort Washington,EE. UU.,MD
93304,Bakersfield,EE. UU.,CA
11368,Corona,EE. UU.,NY
45238,Cincinnati,EE. UU.,OH
20874,Germantown,EE. UU.,MD
75006,Carrollton,EE. UU.,TX
77093,Houston,EE. UU.,TX
90023,Los Angeles,EE. UU.,CA
96706,Ewa Beach,EE. UU.,HI
8701,Lakewood,EE. UU.,NJ
13440,Rome,EE. UU.,NY
92083,Vista,EE. UU.,CA
76106,Fort Worth,EE. UU.,TX
54935,Fond Du Lac,EE. UU.,WI
19139,Philadelphia,EE. UU.,PA
91764,Ontario,EE. UU.,CA
32765,Oviedo,EE. UU.,FL
14221,Buffalo,EE. UU.,NY
96822,Honolulu,EE. UU.,HI
92056,Oceanside,EE. UU.,CA
14120,North Tonawanda,EE. UU.,NY
93611,Clovis,EE. UU.,CA
11434,Jamaica,EE. UU.,NY
62040,Granite City,EE. UU.,IL
2155,Medford,EE. UU.,MA
91766,Pomona,EE. UU.,CA
85281,Tempe,EE. UU.,AZ
92703,Santa Ana,EE. UU.,CA
17402,York,EE. UU.,PA
80010,Aurora,EE. UU.,CO
93065,Simi Valley,EE. UU.,CA
20904,Silver Spring,EE. UU.,MD
55124,Saint Paul,EE. UU.,MN
78201,San Antonio,EE. UU.,TX
19143,Philadelphia,EE. UU.,PA
19149,Philadelphia,EE. UU.,PA
10466,Bronx,EE. UU.,NY
27858,Greenville,EE. UU.,NC
7960,Morristown,EE. UU.,NJ
92115,San Diego,EE. UU.,CA
93030,Oxnard,EE. UU.,CA
33147,Miami,EE. UU.,FL
87111,Albuquerque,EE. UU.,NM
79109,Amarillo,EE. UU.,TX
33549,Lutz,EE. UU.,FL
97701,Bend,EE. UU.,OR
8816,East Brunswick,EE. UU.,NJ
29720,Lancaster,EE. UU.,SC
91762,Ontario,EE. UU.,CA
77015,Houston,EE. UU.,TX
23666,Hampton,EE. UU.,VA
10016,New York,EE. UU.,NY
93257,Porterville,EE. UU.,CA
97223,Portland,EE. UU.,OR
44136,Strongsville,EE. UU.,OH
79927,El Paso,EE. UU.,TX
78840,Del Rio,EE. UU.,TX
84010,Bountiful,EE. UU.,UT
98031,Kent,EE. UU.,WA
60620,Chicago,EE. UU.,IL
2360,Plymouth,EE. UU.,MA
11691,Far Rockaway,EE. UU.,NY
77088,Houston,EE. UU.,TX
19124,Philadelphia,EE. UU.,PA
48227,Detroit,EE. UU.,MI
92840,Garden Grove,EE. UU.,CA
92105,San Diego,EE. UU.,CA
60609,Chicago,EE. UU.,IL
92870,Placentia,EE. UU.,CA
95148,San Jose,EE. UU.,CA
44060,Mentor,EE. UU.,OH
95051,Santa Clara,EE. UU.,CA
7083,Union,EE. UU.,NJ
90805,Long Beach,EE. UU.,CA
92683,Westminster,EE. UU.,CA
33068,Pompano Beach,EE. UU.,FL
91702,Azusa,EE. UU.,CA
33324,Fort Lauderdale,EE. UU.,FL
8540,Princeton,EE. UU.,NJ
8861,Perth Amboy,EE. UU.,NJ
45140,Loveland,EE. UU.,OH
23455,Virginia Beach,EE. UU.,VA
40214,Louisville,EE. UU.,KY
14094,Lockport,EE. UU.,NY
60608,Chicago,EE. UU.,IL
10314,Staten Island,EE. UU.,NY
85719,Tucson,EE. UU.,AZ
44120,Cleveland,EE. UU.,OH
10458,Bronx,EE. UU.,NY
14580,Webster,EE. UU.,NY
95207,Stockton,EE. UU.,CA
25401,Martinsburg,EE. UU.,WV
21502,Cumberland,EE. UU.,MD
61554,Pekin,EE. UU.,IL
32308,Tallahassee,EE. UU.,FL
32225,Jacksonville,EE. UU.,FL
2895,Woonsocket,EE. UU.,RI
95206,Stockton,EE. UU.,CA
30058,Lithonia,EE. UU.,GA
60453,Oak Lawn,EE. UU.,IL
48213,Detroit,EE. UU.,MI
91801,Alhambra,EE. UU.,CA
6511,New Haven,EE. UU.,CT
85029,Phoenix,EE. UU.,AZ
70065,Kenner,EE. UU.,LA
15301,Washington,EE. UU.,PA
49423,Holland,EE. UU.,MI
19067,Morrisville,EE. UU.,PA
38128,Memphis,EE. UU.,TN
98023,Federal Way,EE. UU.,WA
92113,San Diego,EE. UU.,CA
60626,Chicago,EE. UU.,IL
10457,Bronx,EE. UU.,NY
60637,Chicago,EE. UU.,IL
91790,West Covina,EE. UU.,CA
93003,Ventura,EE. UU.,CA
20009,Washington,EE. UU.,DC
33594,Valrico,EE. UU.,FL
96744,Kaneohe,EE. UU.,HI
11218,Brooklyn,EE. UU.,NY
92057,Oceanside,EE. UU.,CA
76116,Fort Worth,EE. UU.,TX
19145,Philadelphia,EE. UU.,PA
95240,Lodi,EE. UU.,CA
93308,Bakersfield,EE. UU.,CA
95122,San Jose,EE. UU.,CA
37130,Murfreesboro,EE. UU.,TN
92009,Carlsbad,EE. UU.,CA
45011,Hamilton,EE. UU.,OH
77083,Houston,EE. UU.,TX
10031,New York,EE. UU.,NY
94541,Hayward,EE. UU.,CA
8302,Bridgeton,EE. UU.,NJ
11706,Bay Shore,EE. UU.,NY
60067,Palatine,EE. UU.,IL
30080,Smyrna,EE. UU.,GA
91406,Van Nuys,EE. UU.,CA
33055,Opa Locka,EE. UU.,FL
90046,Los Angeles,EE. UU.,CA
55106,Saint Paul,EE. UU.,MN
8817,Edison,EE. UU.,NJ
77520,Baytown,EE. UU.,TX
91342,Sylmar,EE. UU.,CA
55337,Burnsville,EE. UU.,MN
11746,Huntington Station,EE. UU.,NY
94087,Sunnyvale,EE. UU.,CA
77478,Sugar Land,EE. UU.,TX
2135,Brighton,EE. UU.,MA
58501,Bismarck,EE. UU.,ND
20878,Gaithersburg,EE. UU.,MD
96817,Honolulu,EE. UU.,HI
30047,Lilburn,EE. UU.,GA
84604,Provo,EE. UU.,UT
38401,Columbia,EE. UU.,TN
30062,Marietta,EE. UU.,GA
745,Rio Grande,Puerto Rico,PR
11212,Brooklyn,EE. UU.,NY
80219,Denver,EE. UU.,CO
48180,Taylor,EE. UU.,MI
48205,Detroit,EE. UU.,MI
44102,Cleveland,EE. UU.,OH
63301,Saint Charles,EE. UU.,MO
95014,Cupertino,EE. UU.,CA
65807,Springfield,EE. UU.,MO
92692,Mission Viejo,EE. UU.,CA
90042,Los Angeles,EE. UU.,CA
30075,Roswell,EE. UU.,GA
48197,Ypsilanti,EE. UU.,MI
85345,Peoria,EE. UU.,AZ
92843,Garden Grove,EE. UU.,CA
8021,Clementon,EE. UU.,NJ
38127,Memphis,EE. UU.,TN
37013,Antioch,EE. UU.,TN
84118,Salt Lake City,EE. UU.,UT
91344,Granada Hills,EE. UU.,CA
11550,Hempstead,EE. UU.,NY
11103,Astoria,EE. UU.,NY
95020,Gilroy,EE. UU.,CA
28645,Lenoir,EE. UU.,NC
43228,Columbus,EE. UU.,OH
97321,Albany,EE. UU.,OR
791,Humacao,Puerto Rico,PR
11757,Lindenhurst,EE. UU.,NY
44035,Elyria,EE. UU.,OH
92504,Riverside,EE. UU.,CA
90745,Carson,EE. UU.,CA
85204,Mesa,EE. UU.,AZ
96818,Honolulu,EE. UU.,HI
921,San Juan,Puerto Rico,PR
693,Vega Baja,Puerto Rico,PR
680,Mayaguez,Puerto Rico,PR
612,Arecibo,Puerto Rico,PR
685,San Sebastian,Puerto Rico,PR
85033,Phoenix,EE. UU.,AZ
97402,Eugene,EE. UU.,OR
90806,Long Beach,EE. UU.,CA
60102,Algonquin,EE. UU.,IL
46227,Indianapolis,EE. UU.,IN
90003,Los Angeles,EE. UU.,CA
90620,Buena Park,EE. UU.,CA
21228,Catonsville,EE. UU.,MD
10306,Staten Island,EE. UU.,NY
30066,Marietta,EE. UU.,GA
7305,Jersey City,EE. UU.,NJ
38109,Memphis,EE. UU.,TN
60148,Lombard,EE. UU.,IL
11207,Brooklyn,EE. UU.,NY
2740,New Bedford,EE. UU.,MA
12550,Newburgh,EE. UU.,NY
33175,Miami,EE. UU.,FL
19446,Lansdale,EE. UU.,PA
90037,Los Angeles,EE. UU.,CA
21206,Baltimore,EE. UU.,MD
85035,Phoenix,EE. UU.,AZ
92833,Fullerton,EE. UU.,CA
21218,Baltimore,EE. UU.,MD
95823,Sacramento,EE. UU.,CA
60614,Chicago,EE. UU.,IL
27410,Greensboro,EE. UU.,NC
95127,San Jose,EE. UU.,CA
44107,Lakewood,EE. UU.,OH
97470,Roseburg,EE. UU.,OR
95350,Modesto,EE. UU.,CA
10003,New York,EE. UU.,NY
92024,Encinitas,EE. UU.,CA
95116,San Jose,EE. UU.,CA
95076,Watsonville,EE. UU.,CA
83642,Meridian,EE. UU.,ID
77084,Houston,EE. UU.,TX
11229,Brooklyn,EE. UU.,NY
13760,Endicott,EE. UU.,NY
77450,Katy,EE. UU.,TX
93277,Visalia,EE. UU.,CA
93535,Lancaster,EE. UU.,CA
85022,Phoenix,EE. UU.,AZ
93436,Lompoc,EE. UU.,CA
33186,Miami,EE. UU.,FL
17404,York,EE. UU.,PA
84404,Ogden,EE. UU.,UT
27610,Raleigh,EE. UU.,NC
91745,Hacienda Heights,EE. UU.,CA
7087,Union City,EE. UU.,NJ
33023,Hollywood,EE. UU.,FL
60440,Bolingbrook,EE. UU.,IL
47906,West Lafayette,EE. UU.,IN
7105,Newark,EE. UU.,NJ
22192,Woodbridge,EE. UU.,VA
78596,Weslaco,EE. UU.,TX
11432,Jamaica,EE. UU.,NY
75243,Dallas,EE. UU.,TX
90201,Bell Gardens,EE. UU.,CA
92109,San Diego,EE. UU.,CA
90638,La Mirada,EE. UU.,CA
90065,Los Angeles,EE. UU.,CA
7047,North Bergen,EE. UU.,NJ
92691,Mission Viejo,EE. UU.,CA
10002,New York,EE. UU.,NY
53704,Madison,EE. UU.,WI
94080,South San Francisco,EE. UU.,CA
19144,Philadelphia,EE. UU.,PA
33312,Fort Lauderdale,EE. UU.,FL
89030,North Las Vegas,EE. UU.,NV
80013,Aurora,EE. UU.,CO
1844,Methuen,EE. UU.,MA
92627,Costa Mesa,EE. UU.,CA
60649,Chicago,EE. UU.,IL
21061,Glen Burnie,EE. UU.,MD
45014,Fairfield,EE. UU.,OH
91306,Winnetka,EE. UU.,CA
93063,Simi Valley,EE. UU.,CA
60616,Chicago,EE. UU.,IL
78501,Mcallen,EE. UU.,TX
90032,Los Angeles,EE. UU.,CA
60435,Joliet,EE. UU.,IL
78520,Brownsville,EE. UU.,TX
2860,Pawtucket,EE. UU.,RI
80918,Colorado Springs,EE. UU.,CO
2169,Quincy,EE. UU.,MA
78227,San Antonio,EE. UU.,TX
1201,Pittsfield,EE. UU.,MA
91710,Chino,EE. UU.,CA
60640,Chicago,EE. UU.,IL
10461,Bronx,EE. UU.,NY
43302,Marion,EE. UU.,OH
91343,North Hills,EE. UU.,CA
60617,Chicago,EE. UU.,IL
67401,Salina,EE. UU.,KS
20783,Hyattsville,EE. UU.,MD
76180,North Richland Hills,EE. UU.,TX
10977,Spring Valley,EE. UU.,NY
60643,Chicago,EE. UU.,IL
1841,Lawrence,EE. UU.,MA
44130,Cleveland,EE. UU.,OH
91761,Ontario,EE. UU.,CA
31907,Columbus,EE. UU.,GA
90063,Los Angeles,EE. UU.,CA
45013,Hamilton,EE. UU.,OH
95035,Milpitas,EE. UU.,CA
91748,Rowland Heights,EE. UU.,CA
90247,Gardena,EE. UU.,CA
60804,Cicero,EE. UU.,IL
97405,Eugene,EE. UU.,OR
90024,Los Angeles,EE. UU.,CA
27203,Asheboro,EE. UU.,NC
54601,La Crosse,EE. UU.,WI
63031,Florissant,EE. UU.,MO
91351,Canyon Country,EE. UU.,CA
14850,Ithaca,EE. UU.,NY
18103,Allentown,EE. UU.,PA
92026,Escondido,EE. UU.,CA
94553,Martinez,EE. UU.,CA
48098,Troy,EE. UU.,MI
22204,Arlington,EE. UU.,VA
75227,Dallas,EE. UU.,TX
95616,Davis,EE. UU.,CA
11238,Brooklyn,EE. UU.,NY
85225,Chandler,EE. UU.,AZ
85224,Chandler,EE. UU.,AZ
60613,Chicago,EE. UU.,IL
60123,Elgin,EE. UU.,IL
93550,Palmdale,EE. UU.,CA
11758,Massapequa,EE. UU.,NY
92707,Santa Ana,EE. UU.,CA
94565,Pittsburg,EE. UU.,CA
7093,West New York,EE. UU.,NJ
75217,Dallas,EE. UU.,TX
90007,Los Angeles,EE. UU.,CA
80011,Aurora,EE. UU.,CO
32822,Orlando,EE. UU.,FL
17331,Hanover,EE. UU.,PA
23452,Virginia Beach,EE. UU.,VA
85301,Glendale,EE. UU.,AZ
60641,Chicago,EE. UU.,IL
6082,Enfield,EE. UU.,CT
19134,Philadelphia,EE. UU.,PA
91706,Baldwin Park,EE. UU.,CA
60657,Chicago,EE. UU.,IL
91709,Chino Hills,EE. UU.,CA
19104,Philadelphia,EE. UU.,PA
8753,Toms River,EE. UU.,NJ
60622,Chicago,EE. UU.,IL
95822,Sacramento,EE. UU.,CA
48192,Wyandotte,EE. UU.,MI
7104,Newark,EE. UU.,NJ
11204,Brooklyn,EE. UU.,NY
96789,Mililani,EE. UU.,HI
10011,New York,EE. UU.,NY
11221,Brooklyn,EE. UU.,NY
60426,Harvey,EE. UU.,IL
17055,Mechanicsburg,EE. UU.,PA
70570,Opelousas,EE. UU.,LA
96734,Kailua,EE. UU.,HI
23503,Norfolk,EE. UU.,VA
22193,Woodbridge,EE. UU.,VA
60126,Elmhurst,EE. UU.,IL
77479,Sugar Land,EE. UU.,TX
27606,Raleigh,EE. UU.,NC
45601,Chillicothe,EE. UU.,OH
91304,Canoga Park,EE. UU.,CA
49201,Jackson,EE. UU.,MI
92553,Moreno Valley,EE. UU.,CA
60624,Chicago,EE. UU.,IL
70119,New Orleans,EE. UU.,LA
78586,San Benito,EE. UU.,TX
11203,Brooklyn,EE. UU.,NY
19720,New Castle,EE. UU.,DE
7003,Bloomfield,EE. UU.,NJ
87105,Albuquerque,EE. UU.,NM
90001,Los Angeles,EE. UU.,CA
90630,Cypress,EE. UU.,CA
70117,New Orleans,EE. UU.,LA
10040,New York,EE. UU.,NY
70072,Marrero,EE. UU.,LA
75052,Grand Prairie,EE. UU.,TX
10467,Bronx,EE. UU.,NY
80631,Greeley,EE. UU.,CO
92111,San Diego,EE. UU.,CA
33165,Miami,EE. UU.,FL
44109,Cleveland,EE. UU.,OH
80126,Littleton,EE. UU.,CO
80501,Longmont,EE. UU.,CO
23320,Chesapeake,EE. UU.,VA
80110,Englewood,EE. UU.,CO
60004,Arlington Heights,EE. UU.,IL
33624,Tampa,EE. UU.,FL
46226,Indianapolis,EE. UU.,IN
90043,Los Angeles,EE. UU.,CA
95351,Modesto,EE. UU.,CA
7111,Irvington,EE. UU.,NJ
19711,Newark,EE. UU.,DE
11375,Forest Hills,EE. UU.,NY
10029,New York,EE. UU.,NY
78521,Brownsville,EE. UU.,TX
48126,Dearborn,EE. UU.,MI
75007,Carrollton,EE. UU.,TX
93307,Bakersfield,EE. UU.,CA
90221,Compton,EE. UU.,CA
17601,Lancaster,EE. UU.,PA
75043,Garland,EE. UU.,TX
92507,Riverside,EE. UU.,CA
96797,Waipahu,EE. UU.,HI
85713,Tucson,EE. UU.,AZ
95608,Carmichael,EE. UU.,CA
92780,Tustin,EE. UU.,CA
92805,Anaheim,EE. UU.,CA
60651,Chicago,EE. UU.,IL
48187,Canton,EE. UU.,MI
22554,Stafford,EE. UU.,VA
92126,San Diego,EE. UU.,CA
11419,South Richmond Hill,EE. UU.,NY
45044,Middletown,EE. UU.,OH
75240,Dallas,EE. UU.,TX
85308,Glendale,EE. UU.,AZ
7052,West Orange,EE. UU.,NJ
94015,Daly City,EE. UU.,CA
30127,Powder Springs,EE. UU.,GA
21234,Parkville,EE. UU.,MD
48224,Detroit,EE. UU.,MI
33010,Hialeah,EE. UU.,FL
90022,Los Angeles,EE. UU.,CA
11236,Brooklyn,EE. UU.,NY
53511,Beloit,EE. UU.,WI
27834,Greenville,EE. UU.,NC
75287,Dallas,EE. UU.,TX
603,Aguadilla,Puerto Rico,PR
983,Carolina,Puerto Rico,PR
698,Yauco,Puerto Rico,PR
90066,Los Angeles,EE. UU.,CA
11226,Brooklyn,EE. UU.,NY
11209,Brooklyn,EE. UU.,NY
63376,Saint Peters,EE. UU.,MO
92114,San Diego,EE. UU.,CA
60615,Chicago,EE. UU.,IL
30906,Augusta,EE. UU.,GA
78223,San Antonio,EE. UU.,TX
87120,Albuquerque,EE. UU.,NM
19140,Philadelphia,EE. UU.,PA
10021,New York,EE. UU.,NY
27514,Chapel Hill,EE. UU.,NC
48823,East Lansing,EE. UU.,MI
6902,Stamford,EE. UU.,CT
91765,Diamond Bar,EE. UU.,CA
77036,Houston,EE. UU.,TX
94544,Hayward,EE. UU.,CA
53215,Milwaukee,EE. UU.,WI
30044,Lawrenceville,EE. UU.,GA
6040,Manchester,EE. UU.,CT
11224,Brooklyn,EE. UU.,NY
91744,La Puente,EE. UU.,CA
92392,Victorville,EE. UU.,CA
23223,Richmond,EE. UU.,VA
63033,Florissant,EE. UU.,MO
21224,Baltimore,EE. UU.,MD
32244,Jacksonville,EE. UU.,FL
78852,Eagle Pass,EE. UU.,TX
92335,Fontana,EE. UU.,CA
63021,Ballwin,EE. UU.,MO
11220,Brooklyn,EE. UU.,NY
78130,New Braunfels,EE. UU.,TX
89121,Las Vegas,EE. UU.,NV
29445,Goose Creek,EE. UU.,SC
78577,Pharr,EE. UU.,TX
10701,Yonkers,EE. UU.,NY
91732,El Monte,EE. UU.,CA
96816,Honolulu,EE. UU.,HI
33064,Pompano Beach,EE. UU.,FL
43068,Reynoldsburg,EE. UU.,OH
48212,Hamtramck,EE. UU.,MI
94587,Union City,EE. UU.,CA
44256,Medina,EE. UU.,OH
33313,Fort Lauderdale,EE. UU.,FL
92346,Highland,EE. UU.,CA
90019,Los Angeles,EE. UU.,CA
72401,Jonesboro,EE. UU.,AR
95758,Elk Grove,EE. UU.,CA
90640,Montebello,EE. UU.,CA
94109,San Francisco,EE. UU.,CA
30907,Augusta,EE. UU.,GA
60025,Glenview,EE. UU.,IL
60647,Chicago,EE. UU.,IL
85282,Tempe,EE. UU.,AZ
95111,San Jose,EE. UU.,CA
29730,Rock Hill,EE. UU.,SC
60660,Chicago,EE. UU.,IL
85746,Tucson,EE. UU.,AZ
78753,Austin,EE. UU.,TX
85254,Scottsdale,EE. UU.,AZ
95060,Santa Cruz,EE. UU.,CA
97045,Oregon City,EE. UU.,OR
22003,Annandale,EE. UU.,VA
38118,Memphis,EE. UU.,TN
75023,Plano,EE. UU.,TX
8854,Piscataway,EE. UU.,NJ
33155,Miami,EE. UU.,FL
23322,Chesapeake,EE. UU.,VA
92084,Vista,EE. UU.,CA
92025,Escondido,EE. UU.,CA
30067,Marietta,EE. UU.,GA
92705,Santa Ana,EE. UU.,CA
92021,El Cajon,EE. UU.,CA
43026,Hilliard,EE. UU.,OH
32073,Orange Park,EE. UU.,FL
10025,New York,EE. UU.,NY
60625,Chicago,EE. UU.,IL
30032,Decatur,EE. UU.,GA
94806,San Pablo,EE. UU.,CA
33016,Hialeah,EE. UU.,FL
92804,Anaheim,EE. UU.,CA
32808,Orlando,EE. UU.,FL
78228,San Antonio,EE. UU.,TX
19120,Philadelphia,EE. UU.,PA
90804,Long Beach,EE. UU.,CA
30135,Douglasville,EE. UU.,GA
89015,Henderson,EE. UU.,NV
60120,Elgin,EE. UU.,IL
77840,College Station,EE. UU.,TX
78664,Round Rock,EE. UU.,TX
75150,Mesquite,EE. UU.,TX
74012,Broken Arrow,EE. UU.,OK
98052,Redmond,EE. UU.,WA
45840,Findlay,EE. UU.,OH
90631,La Habra,EE. UU.,CA
92653,Laguna Hills,EE. UU.,CA
14215,Buffalo,EE. UU.,NY
90057,Los Angeles,EE. UU.,CA
21215,Baltimore,EE. UU.,MD
79912,El Paso,EE. UU.,TX
43230,Columbus,EE. UU.,OH
92407,San Bernardino,EE. UU.,CA
27502,Apex,EE. UU.,NC
94110,San Francisco,EE. UU.,CA
23464,Virginia Beach,EE. UU.,VA
91733,South El Monte,EE. UU.,CA
80231,Denver,EE. UU.,CO
89103,Las Vegas,EE. UU.,NV
75061,Irving,EE. UU.,TX
11234,Brooklyn,EE. UU.,NY
24060,Blacksburg,EE. UU.,VA
2124,Dorchester Center,EE. UU.,MA
60505,Aurora,EE. UU.,IL
92336,Fontana,EE. UU.,CA
7307,Jersey City,EE. UU.,NJ
78207,San Antonio,EE. UU.,TX
20854,Potomac,EE. UU.,MD
77469,Richmond,EE. UU.,TX
84119,Salt Lake City,EE. UU.,UT
90002,Los Angeles,EE. UU.,CA
32792,Winter Park,EE. UU.,FL
60610,Chicago,EE. UU.,IL
30083,Stone Mountain,EE. UU.,GA
93117,Goleta,EE. UU.,CA
21740,Hagerstown,EE. UU.,MD
94501,Alameda,EE. UU.,CA
33161,Miami,EE. UU.,FL
92701,Santa Ana,EE. UU.,CA
63136,Saint Louis,EE. UU.,MO
78240,San Antonio,EE. UU.,TX
90660,Pico Rivera,EE. UU.,CA
91910,Chula Vista,EE. UU.,CA
92882,Corona,EE. UU.,CA
63116,Saint Louis,EE. UU.,MO
60619,Chicago,EE. UU.,IL
95124,San Jose,EE. UU.,CA
79924,El Paso,EE. UU.,TX
92020,El Cajon,EE. UU.,CA
85032,Phoenix,EE. UU.,AZ
76010,Arlington,EE. UU.,TX
17603,Lancaster,EE. UU.,PA
76133,Fort Worth,EE. UU.,TX
95023,Hollister,EE. UU.,CA
91605,North Hollywood,EE. UU.,CA
55104,Saint Paul,EE. UU.,MN
78704,Austin,EE. UU.,TX
90033,Los Angeles,EE. UU.,CA
94122,San Francisco,EE. UU.,CA
60638,Chicago,EE. UU.,IL
11235,Brooklyn,EE. UU.,NY
62301,Quincy,EE. UU.,IL
10472,Bronx,EE. UU.,NY
10473,Bronx,EE. UU.,NY
8901,New Brunswick,EE. UU.,NJ
97007,Beaverton,EE. UU.,OR
20020,Washington,EE. UU.,DC
60411,Chicago Heights,EE. UU.,IL
92054,Oceanside,EE. UU.,CA
92345,Hesperia,EE. UU.,CA
92503,Riverside,EE. UU.,CA
27511,Cary,EE. UU.,NC
27330,Sanford,EE. UU.,NC
78040,Laredo,EE. UU.,TX
48185,Westland,EE. UU.,MI
10453,Bronx,EE. UU.,NY
91911,Chula Vista,EE. UU.,CA
30281,Stockbridge,EE. UU.,GA
60188,Carol Stream,EE. UU.,IL
11237,Brooklyn,EE. UU.,NY
10469,Bronx,EE. UU.,NY
33012,Hialeah,EE. UU.,FL
60634,Chicago,EE. UU.,IL
67212,Wichita,EE. UU.,KS
94509,Antioch,EE. UU.,CA
89110,Las Vegas,EE. UU.,NV
90004,Los Angeles,EE. UU.,CA
66062,Olathe,EE. UU.,KS
75216,Dallas,EE. UU.,TX
11354,Flushing,EE. UU.,NY
10312,Staten Island,EE. UU.,NY
90220,Compton,EE. UU.,CA
90262,Lynwood,EE. UU.,CA
90034,Los Angeles,EE. UU.,CA
92802,Anaheim,EE. UU.,CA
2151,Revere,EE. UU.,MA
92410,San Bernardino,EE. UU.,CA
43081,Westerville,EE. UU.,OH
38018,Cordova,EE. UU.,TN
60623,Chicago,EE. UU.,IL
60506,Aurora,EE. UU.,IL
92129,San Diego,EE. UU.,CA
90011,Los Angeles,EE. UU.,CA
93230,Hanford,EE. UU.,CA
11216,Brooklyn,EE. UU.,NY
32825,Orlando,EE. UU.,FL
11213,Brooklyn,EE. UU.,NY
12180,Troy,EE. UU.,NY
92376,Rialto,EE. UU.,CA
60050,Mchenry,EE. UU.,IL
78572,Mission,EE. UU.,TX
11214,Brooklyn,EE. UU.,NY
97301,Salem,EE. UU.,OR
30096,Duluth,EE. UU.,GA
92509,Riverside,EE. UU.,CA
19148,Philadelphia,EE. UU.,PA
6810,Danbury,EE. UU.,CT
43055,Newark,EE. UU.,OH
70122,New Orleans,EE. UU.,LA
40601,Frankfort,EE. UU.,KY
91786,Upland,EE. UU.,CA
91770,Rosemead,EE. UU.,CA
48858,Mount Pleasant,EE. UU.,MI
97303,Salem,EE. UU.,OR
88201,Roswell,EE. UU.,NM
19131,Philadelphia,EE. UU.,PA
92630,Lake Forest,EE. UU.,CA
10023,New York,EE. UU.,NY
19380,West Chester,EE. UU.,PA
10460,Bronx,EE. UU.,NY
10128,New York,EE. UU.,NY
92404,San Bernardino,EE. UU.,CA
80015,Aurora,EE. UU.,CO
10033,New York,EE. UU.,NY
11377,Woodside,EE. UU.,NY
94536,Fremont,EE. UU.,CA
30093,Norcross,EE. UU.,GA
93306,Bakersfield,EE. UU.,CA
93722,Fresno,EE. UU.,CA
43701,Zanesville,EE. UU.,OH
60504,Aurora,EE. UU.,IL
92102,San Diego,EE. UU.,CA
27406,Greensboro,EE. UU.,NC
44077,Painesville,EE. UU.,OH
91977,Spring Valley,EE. UU.,CA
30331,Atlanta,EE. UU.,GA
97229,Portland,EE. UU.,OR
98037,Lynnwood,EE. UU.,WA
44646,Massillon,EE. UU.,OH
33021,Hollywood,EE. UU.,FL
60644,Chicago,EE. UU.,IL
60014,Crystal Lake,EE. UU.,IL
11374,Rego Park,EE. UU.,NY
19111,Philadelphia,EE. UU.,PA
55112,Saint Paul,EE. UU.,MN
48103,Ann Arbor,EE. UU.,MI
97206,Portland,EE. UU.,OR
93727,Fresno,EE. UU.,CA
49509,Wyoming,EE. UU.,MI
91941,La Mesa,EE. UU.,CA
78539,Edinburg,EE. UU.,TX
48843,Howell,EE. UU.,MI
46360,Michigan City,EE. UU.,IN
53081,Sheboygan,EE. UU.,WI
61265,Moline,EE. UU.,IL
85283,Tempe,EE. UU.,AZ
77055,Houston,EE. UU.,TX
89101,Las Vegas,EE. UU.,NV
11373,Elmhurst,EE. UU.,NY
11208,Brooklyn,EE. UU.,NY
10456,Bronx,EE. UU.,NY
85364,Yuma,EE. UU.,AZ
10024,New York,EE. UU.,NY
89108,Las Vegas,EE. UU.,NV
10027,New York,EE. UU.,NY
95008,Campbell,EE. UU.,CA
89123,Las Vegas,EE. UU.,NV
28205,Charlotte,EE. UU.,NC
94601,Oakland,EE. UU.,CA
92069,San Marcos,EE. UU.,CA
91789,Walnut,EE. UU.,CA
84120,Salt Lake City,EE. UU.,UT
78550,Harlingen,EE. UU.,TX
80012,Aurora,EE. UU.,CO
87124,Rio Rancho,EE. UU.,NM
37211,Nashville,EE. UU.,TN
21401,Annapolis,EE. UU.,MD
60618,Chicago,EE. UU.,IL
33177,Miami,EE. UU.,FL
92677,Laguna Niguel,EE. UU.,CA
92071,Santee,EE. UU.,CA
84084,West Jordan,EE. UU.,UT
11206,Brooklyn,EE. UU.,NY
33157,Miami,EE. UU.,FL
28601,Hickory,EE. UU.,NC
674,Manati,Puerto Rico,PR
976,Trujillo Alto,Puerto Rico,PR
728,Ponce,Puerto Rico,PR
953,Toa Alta,Puerto Rico,PR
15642,Irwin,EE. UU.,PA
11420,South Ozone Park,EE. UU.,NY
93536,Lancaster,EE. UU.,CA
11215,Brooklyn,EE. UU.,NY
80906,Colorado Springs,EE. UU.,CO
11385,Ridgewood,EE. UU.,NY
79936,El Paso,EE. UU.,TX
95355,Modesto,EE. UU.,CA
42101,Bowling Green,EE. UU.,KY
92104,San Diego,EE. UU.,CA
75080,Richardson,EE. UU.,TX
89115,Las Vegas,EE. UU.,NV
89119,Las Vegas,EE. UU.,NV
33126,Miami,EE. UU.,FL
38111,Memphis,EE. UU.,TN
92704,Santa Ana,EE. UU.,CA
79907,El Paso,EE. UU.,TX
91352,Sun Valley,EE. UU.,CA
65203,Columbia,EE. UU.,MO
92646,Huntington Beach,EE. UU.,CA
58103,Fargo,EE. UU.,ND
97006,Beaverton,EE. UU.,OR
60085,Waukegan,EE. UU.,IL
90006,Los Angeles,EE. UU.,CA
48219,Detroit,EE. UU.,MI
48203,Highland Park,EE. UU.,MI
11219,Brooklyn,EE. UU.,NY
85040,Phoenix,EE. UU.,AZ
78666,San Marcos,EE. UU.,TX
90703,Cerritos,EE. UU.,CA
20906,Silver Spring,EE. UU.,MD
10009,New York,EE. UU.,NY
75067,Lewisville,EE. UU.,TX
94538,Fremont,EE. UU.,CA
6457,Middletown,EE. UU.,CT
95112,San Jose,EE. UU.,CA
30022,Alpharetta,EE. UU.,GA
63129,Saint Louis,EE. UU.,MO
93702,Fresno,EE. UU.,CA
85009,Phoenix,EE. UU.,AZ
11210,Brooklyn,EE. UU.,NY
33125,Miami,EE. UU.,FL
17602,Lancaster,EE. UU.,PA
11230,Brooklyn,EE. UU.,NY
33176,Miami,EE. UU.,FL
47150,New Albany,EE. UU.,IN
19382,West Chester,EE. UU.,PA
43229,Columbus,EE. UU.,OH
75149,Mesquite,EE. UU.,TX
33015,Hialeah,EE. UU.,FL
29223,Columbia,EE. UU.,SC
76201,Denton,EE. UU.,TX
10032,New York,EE. UU.,NY
91405,Van Nuys,EE. UU.,CA
92592,Temecula,EE. UU.,CA
60477,Tinley Park,EE. UU.,IL
93033,Oxnard,EE. UU.,CA
33065,Pompano Beach,EE. UU.,FL
21222,Dundalk,EE. UU.,MD
78250,San Antonio,EE. UU.,TX
46307,Crown Point,EE. UU.,IN
11201,Brooklyn,EE. UU.,NY
10452,Bronx,EE. UU.,NY
73505,Lawton,EE. UU.,OK
28314,Fayetteville,EE. UU.,NC
10463,Bronx,EE. UU.,NY
6460,Milford,EE. UU.,CT
60103,Bartlett,EE. UU.,IL
60630,Chicago,EE. UU.,IL
89502,Reno,EE. UU.,NV
7055,Passaic,EE. UU.,NJ
90016,Los Angeles,EE. UU.,CA
91335,Reseda,EE. UU.,CA
78046,Laredo,EE. UU.,TX
11756,Levittown,EE. UU.,NY
7470,Wayne,EE. UU.,NJ
70003,Metairie,EE. UU.,LA
20002,Washington,EE. UU.,DC
44105,Cleveland,EE. UU.,OH
26003,Wheeling,EE. UU.,WV
85705,Tucson,EE. UU.,AZ
90250,Hawthorne,EE. UU.,CA
94558,Napa,EE. UU.,CA
60402,Berwyn,EE. UU.,IL
92708,Fountain Valley,EE. UU.,CA
23456,Virginia Beach,EE. UU.,VA
88005,Las Cruces,EE. UU.,NM
32703,Apopka,EE. UU.,FL
90044,Los Angeles,EE. UU.,CA
95630,Folsom,EE. UU.,CA
92243,El Centro,EE. UU.,CA
92557,Moreno Valley,EE. UU.,CA
11372,Jackson Heights,EE. UU.,NY
48234,Detroit,EE. UU.,MI
91331,Pacoima,EE. UU.,CA
77072,Houston,EE. UU.,TX
48221,Detroit,EE. UU.,MI
11435,Jamaica,EE. UU.,NY
43207,Columbus,EE. UU.,OH
60632,Chicago,EE. UU.,IL
37075,Hendersonville,EE. UU.,TN
84015,Clearfield,EE. UU.,UT
98115,Seattle,EE. UU.,WA
90047,Los Angeles,EE. UU.,CA
85201,Mesa,EE. UU.,AZ
60628,Chicago,EE. UU.,IL
32303,Tallahassee,EE. UU.,FL
48601,Saginaw,EE. UU.,MI
63123,Saint Louis,EE. UU.,MO
72032,Conway,EE. UU.,AR
33025,Hollywood,EE. UU.,FL
44870,Sandusky,EE. UU.,OH
90731,San Pedro,EE. UU.,CA
92801,Anaheim,EE. UU.,CA
43123,Grove City,EE. UU.,OH
37922,Knoxville,EE. UU.,TN
92117,San Diego,EE. UU.,CA
90255,Huntington Park,EE. UU.,CA
87112,Albuquerque,EE. UU.,NM
15601,Greensburg,EE. UU.,PA
91767,Pomona,EE. UU.,CA
60441,Lockport,EE. UU.,IL
92064,Poway,EE. UU.,CA
23454,Virginia Beach,EE. UU.,VA
63366,O Fallon,EE. UU.,MO
17201,Chambersburg,EE. UU.,PA
44118,Cleveland,EE. UU.,OH
61761,Normal,EE. UU.,IL
1902,Lynn,EE. UU.,MA
10028,New York,EE. UU.,NY
75093,Plano,EE. UU.,TX
33142,Miami,EE. UU.,FL
90018,Los Angeles,EE. UU.,CA
19020,Bensalem,EE. UU.,PA
6010,Bristol,EE. UU.,CT
95828,Sacramento,EE. UU.,CA
17701,Williamsport,EE. UU.,PA
92626,Costa Mesa,EE. UU.,CA
75231,Dallas,EE. UU.,TX
98632,Longview,EE. UU.,WA
90650,Norwalk,EE. UU.,CA
89117,Las Vegas,EE. UU.,NV
7002,Bayonne,EE. UU.,NJ
93274,Tulare,EE. UU.,CA
91950,National City,EE. UU.,CA
92879,Corona,EE. UU.,CA
45424,Dayton,EE. UU.,OH
94112,San Francisco,EE. UU.,CA
95376,Tracy,EE. UU.,CA
29483,Summerville,EE. UU.,SC
95340,Merced,EE. UU.,CA
85710,Tucson,EE. UU.,AZ
93906,Salinas,EE. UU.,CA
2301,Brockton,EE. UU.,MA
85706,Tucson,EE. UU.,AZ
30034,Decatur,EE. UU.,GA
20011,Washington,EE. UU.,DC
94533,Fairfield,EE. UU.,CA
94591,Vallejo,EE. UU.,CA
6516,West Haven,EE. UU.,CT
21122,Pasadena,EE. UU.,MD
92154,San Diego,EE. UU.,CA
33614,Tampa,EE. UU.,FL
92027,Escondido,EE. UU.,CA
90026,Los Angeles,EE. UU.,CA
90280,South Gate,EE. UU.,CA
48093,Warren,EE. UU.,MI
37042,Clarksville,EE. UU.,TN
49442,Muskegon,EE. UU.,MI
85008,Phoenix,EE. UU.,AZ
28540,Jacksonville,EE. UU.,NC
77080,Houston,EE. UU.,TX
33511,Brandon,EE. UU.,FL
96819,Honolulu,EE. UU.,HI
91730,Rancho Cucamonga,EE. UU.,CA
11211,Brooklyn,EE. UU.,NY
60645,Chicago,EE. UU.,IL
93458,Santa Maria,EE. UU.,CA
18901,Doylestown,EE. UU.,PA
47374,Richmond,EE. UU.,IN
92324,Colton,EE. UU.,CA
92647,Huntington Beach,EE. UU.,CA
38116,Memphis,EE. UU.,TN
48235,Detroit,EE. UU.,MI
75060,Irving,EE. UU.,TX
92201,Indio,EE. UU.,CA
7060,Plainfield,EE. UU.,NJ
94014,Daly City,EE. UU.,CA
98226,Bellingham,EE. UU.,WA
93720,Fresno,EE. UU.,CA
60629,Chicago,EE. UU.,IL
93309,Bakersfield,EE. UU.,CA
30043,Lawrenceville,EE. UU.,GA
77379,Spring,EE. UU.,TX
11355,Flushing,EE. UU.,NY
10462,Bronx,EE. UU.,NY
91606,North Hollywood,EE. UU.,CA
53209,Milwaukee,EE. UU.,WI
94550,Livermore,EE. UU.,CA
60639,Chicago,EE. UU.,IL
87505,Santa Fe,EE. UU.,NM
94303,Palo Alto,EE. UU.,CA
20019,Washington,EE. UU.,DC
23233,Henrico,EE. UU.,VA
60016,Des Plaines,EE. UU.,IL
23462,Virginia Beach,EE. UU.,VA
33024,Hollywood,EE. UU.,FL
77081,Houston,EE. UU.,TX
60636,Chicago,EE. UU.,IL
35215,Birmingham,EE. UU.,AL
80020,Broomfield,EE. UU.,CO
969,Guaynabo,Puerto Rico,PR
736,Cayey,Puerto Rico,PR
60621,Chicago,EE. UU.,IL
40475,Richmond,EE. UU.,KY
60544,Plainfield,EE. UU.,IL
30349,Atlanta,EE. UU.,GA
95610,Citrus Heights,EE. UU.,CA
33063,Pompano Beach,EE. UU.,FL
78745,Austin,EE. UU.,TX
10468,Bronx,EE. UU.,NY
94086,Sunnyvale,EE. UU.,CA
99205,Spokane,EE. UU.,WA
52001,Dubuque,EE. UU.,IA
93638,Madera,EE. UU.,CA
21229,Baltimore,EE. UU.,MD
98208,Everett,EE. UU.,WA
11717,Brentwood,EE. UU.,NY
28655,Morganton,EE. UU.,NC
95687,Vacaville,EE. UU.,CA
95123,San Jose,EE. UU.,CA
2148,Malden,EE. UU.,MA
21207,Gwynn Oak,EE. UU.,MD
949,Toa Baja,Puerto Rico,PR
2780,Taunton,EE. UU.,MA
7728,Freehold,EE. UU.,NJ
98390,Sumner,EE. UU.,WA
48228,Detroit,EE. UU.,MI
90744,Wilmington,EE. UU.,CA
11223,Brooklyn,EE. UU.,NY
43130,Lancaster,EE. UU.,OH
11225,Brooklyn,EE. UU.,NY
75040,Garland,EE. UU.,TX
33311,Fort Lauderdale,EE. UU.,FL
11233,Brooklyn,EE. UU.,NY
32210,Jacksonville,EE. UU.,FL
89014,Henderson,EE. UU.,NV
7306,Jersey City,EE. UU.,NJ
